ft_facility_code,UTM_lat,UTM_long,latitude,longitude
1000-0000,0601284,8490198,-13.60678104324322,33.93628054539338
1000-0001,0601284,8490198,-13.60678104324322,33.93628054539338
1000-0002,0597090,8501522,-13.504750778011445,33.89713141089816
1000-0003,0590558,8505681,-13.467277643744236,33.83664872462992
1000-0004,0570028,8513648,-13.395493719858253,33.64679332016023
1000-0005,0570028,8513648,-13.395493719858253,33.64679332016023
1000-0006,0578063,8520138,-13.337017683196365,33.72082863084702
1000-0007,0565809,8517791,-13.358164560798274,33.60773378610521
1000-0008,0562396,8525926,-13.284866577321335,33.576043124769384
1000-0009,0555857,8521773,-13.32228596369677,33.515755694190794
1000-0010,0555544,8511560,-13.414306908504628,33.51306022673701
1000-0011,0548035,8508417,-13.442625799290761,33.443753167412815
1000-0012,0555727,8502592,-13.495109812199258,33.514923146299566
1000-0013,0550839,8492585,-13.58527383063205,33.46993557704095
1000-0014,0563068,8491727,-13.593004488758947,33.58299076270081
1000-0015,0565644,8491727,-13.59300449375719,33.60680197895667
1000-0016,0571584,8498027,-13.536240981371174,33.661550711257526
1000-0017,0579757,8503825,-13.484000390171664,33.736917704303
1000-0018,0583910,8488493,-13.622143093273493,33.7757348993294
1000-0019,0594142,8489553,-13.612592484518292,33.870285929690134
1000-0020,0612164,8482379,-13.677230691402427,34.03715282384723
1000-0021,0609696,8478038,-13.716343161702692,34.01450206362687
1000-0022,0633772,8482195,-13.678888833312564,34.23693501919418
1000-0023,0623263,8476434,-13.730795370423795,34.140026958501586
1000-0024,0621979,8481108,-13.688682550549236,34.12795228204629
1000-0025,0615057,8491777,-13.592554275249805,34.06352162574548
1000-0026,0599941,8508773,-13.4394183580392,33.92322226131661
1001-0000,0554346,8611101,-12.517406087848652,33.50020010382884
1001-0001,0549153,8617172,-12.462702830276731,33.45230982478946
1001-0002,0542681,8598234,-12.633344764473916,33.3930137886587
1001-0003,0535418,8604931,-12.573001223909921,33.32605941147724
1001-0004,0541382,8609213,-12.534418029648187,33.380906667962456
1001-0005,0556265,8609442,-12.532354622258302,33.517891887604115
1001-0006,0552945,8596237,-12.6513387706173,33.48755837024871
1001-0007,0573358,8591732,-12.691931116654697,33.67563602382333
1001-0008,0583363,8592434,-12.685605782457484,33.767758853307434
1001-0009,0559492,8587500,-12.730063456753319,33.54801480757596
1001-0010,0533354,8582840,-12.772052207466688,33.30729677338064
1001-0011,0547053,8583702,-12.764285199047245,33.433492874836496
1001-0012,0549162,8576240,-12.831521135436432,33.45304236183088
1001-0013,0548237,8571603,-12.87330244866047,33.44459188551662
1001-0014,0560808,8575506,-12.838134802456995,33.560375070979454
1001-0015,0542542,8511476,-13.415063750382348,33.392964213782655
1001-0016,0537065,8500485,-13.514094105153298,33.342514176516374
1001-0017,0534197,8525052,-13.292741481225073,33.315722610404094
1001-0018,0542530,8517400,-13.36168751422066,33.392766824922035
1001-0019,0536666,8530437,-13.244221419610025,33.338450133485026
1001-0020,0519634,8529137,-13.255934720681916,33.181243576134655
1001-0021,0532471,8547235,-13.092866865064822,33.29954404138246
1001-0022,0554538,8532205,-13.228291327042154,33.5033834136938
1001-0023,0558246,8530588,-13.24286089098176,33.537639015098705
1001-0024,0592304,8563779,-12.943799882191316,33.85096400274569
1001-0025,0594414,8576528,-12.828926257431272,33.870018281035435
1001-0026,0601414,8574051,-12.851245125132873,33.934599387659794
1001-0027,0585475,8582503,-12.775088819517071,33.78748472961912
1001-0028,0578968,8582167,-12.7781163074447,33.72754766842641
1001-0029,0573596,8574841,-12.844126761472866,33.67823342240477
1001-0030,0576152,8568328,-12.902811566385484,33.701950581583674
1001-0031,0572712,8559433,-12.982958864821992,33.67045717570028
1001-0032,0573898,8559582,-12.981616324518976,33.681388755125774
1001-0033,0574228,8551167,-13.057438353308221,33.68463953410714
1001-0034,0579309,8547532,-13.090190870578635,33.73159785128924
1001-0035,0557459,8627369,-12.370821584637016,33.5285547315828
1001-0036,0552007,8559183,-12.985211418737773,33.4795520828981
1001-0037,0574441,8564059,-12.941276904237661,33.68628482427416
1001-0038,0584194,8571371,-12.875392940419172,33.77599079064557
1001-0039,0552007,8559183,-12.985211418737773,33.4795520828981
1002-0000,0637812,8514302,-13.389601673397813,34.272747332324954
1002-0001,0364560,8519914,-13.339036499552803,31.749415777258704
1002-0002,0637888,8522066,-13.319646600663678,34.27308250512669
1002-0003,0621092,8528940,-13.257710116340665,34.11774835762931
1002-0004,0365538,8542725,-13.133503880721486,31.759484810822567
1002-0005,0642020,8538889,-13.168067459220236,34.31041447336615
1002-0006,0642457,8553307,-13.038156912357076,34.313757026056074
1002-0007,0635689,8555168,-13.021388547435906,34.25126821717328
1002-0008,0640494,8570877,-12.879844663557664,34.29483923628741
1002-0009,0631214,8585349,-12.749445460743813,34.20870385001113
1002-0010,0627006,8592456,-12.685407908821718,34.16965369634538
1002-0011,0632089,8589718,-12.710078705812032,34.21657522676493
1002-0012,0626490,8604854,-12.573695460808159,34.164396894001015
1002-0013,0607812,8647669,-12.18790504099457,33.991021051595375
1002-0014,0612383,8639320,-12.263135422599106,34.033325547236096
1002-0015,0615757,8633127,-12.318938547904656,34.06456907280383
1002-0016,0614031,8625262,-12.389807247194375,34.04897991407773
1002-0017,0620369,8620397,-12.433643974623106,34.10746144896912
1002-0018,0625409,8618319,-12.452368073324877,34.15390842420593
1002-0019,0584686,8638391,-12.2715061709548,33.778704292300624
1002-0020,0638594,8571173,-12.877177547478702,34.27731778738558
1002-0021,0621517,8615854,-12.474579143352454,34.11819753621147
1002-0022,0638594,8571173,-12.877177547478702,34.27731778738558
1003-0000,0598570,8522798,-13.313050657337163,33.910084223800816
1003-0001,0598570,8522798,-13.313050657337163,33.910084223800816
1003-0002,0606392,8524282,-13.299679569569358,33.98224267198505
1003-0003,0590888,8546583,-13.098741702059506,33.83843145424174
1003-0004,0594034,8534108,-13.211144946959022,33.867845879805024
1003-0005,0611145,8508837,-13.438841803728405,34.0267075434445
1003-0006,0605505,8515029,-13.38305085673333,33.97438845223465
1003-0007,0615831,8521954,-13.320655420387713,34.069468069958305
1003-0008,0608966,8535618,-13.197539571659224,34.005584665079205
1003-0009,0614411,8535564,-13.198026179091054,34.05582965785843
1003-0010,0590207,8515268,-13.380897322641983,33.83310824894631
1003-0011,0586513,8532717,-13.223678164721147,33.79847980164256
1003-0012,0582523,8539477,-13.162768785176201,33.76146751560769
1003-0013,0584021,8522516,-13.315591455492934,33.77577269935221
1004-0000,0653639,8478438,-13.71273991468906,34.42080283177096
1004-0001,0653639,8478438,-13.71273991468906,34.42080283177096
1004-0002,0637437,8488529,-13.621819291364764,34.270512627381905
1004-0003,0649522,8478384,-13.71322635000251,34.38274097772495
1004-0004,0649720,8489230,-13.61550350626357,34.38400150483935
1004-0005,0642451,8483903,-13.66349986563918,34.31708615322146
1004-0006,0641790,8496787,-13.547414183482426,34.310337345401145
1004-0007,0629432,8498048,-13.53605222990997,34.19609388327095
1004-0008,0636429,8507739,-13.448735287916334,34.26028521259794
1004-0009,0657629,8475889,-13.735706532584395,34.45783443097663
1004-0010,0657649,8476262,-13.732345802401184,34.45799859843487
1004-0011,0672409,8480624,-13.693044615539172,34.59420389356939
1004-0012,0672409,8480624,-13.693044615539172,34.59420389356939
1004-0013,0673303,8475882,-13.735770126276925,34.602757756470936
1004-0014,0671614,8480393,-13.695125900918958,34.58686876566622
1004-0015,0668446,8468957,-13.79816410214544,34.55826358483102
1004-0016,0647651,8465371,-13.830473217881124,34.36612239514275
1004-0017,0660876,8460223,-13.87685676721628,34.48875217581649
1004-0018,0663611,8453196,-13.94016953672772,34.51446730217132
1004-0019,0663114,8442131,-14.03986379829843,34.51051820013511
1004-0020,0666705,8441884,-14.04208935286279,34.54377909536951
1004-0021,0646286,8510729,-13.42179515075793,34.35117280947602
1005-0001,0620300,8407117,-14.355330991697425,34.11564439404544
1005-0002,0616021,8401675,-14.404361610566998,34.076201203814094
1005-0003,0608888,8403071,-14.391784032847857,34.00998709386861
1005-0004,0601262,8402614,-14.395901384193603,33.93927661041928
1005-0005,0597670,8410879,-14.321436271215356,33.9056618744835
1005-0006,0612164,8427061,-14.17564069675165,34.03937777930971
1005-0007,0604390,8426052,-14.184731489549177,33.96738540820898
1005-0008,0602766,8417347,-14.263161419425025,33.952665600622325
1005-0009,0577355,8404406,-14.379755912514971,33.7174850458169
1005-0010,0615552,8408837,-14.339834255239532,34.07154408819085
1005-0011,0663431,8426565,-14.1801106064148,34.51437825425271
1005-0012,0667115,8429565,-14.153081369739002,34.54832290285474
1005-0013,0662906,8420406,-14.235601743673927,34.509882414013695
1005-0014,0675670,8419200,-14.24646797764361,34.62822972848816
1005-0015,0664183,8405215,-14.372468417539972,34.522636087715405
1005-0016,0672572,8406014,-14.365269988841426,34.60036358857769
1005-0017,0653609,8412203,-14.309508309805183,34.424197457538774
1005-0018,0622109,8436162,-14.093642600663477,34.13111671310223
1005-0019,0625377,8443005,-14.031988318569919,34.161073452037044
1005-0020,,,
1005-0021,0634206,8441192,-14.048323323212651,34.242910616261405
1005-0022,0629328,5452258,-40.94831572641299,34.53629702275433
1005-0023,0635903,8443464,-14.027852971979064,34.25851253814938
1005-0024,0633758,8447013,-13.995876922870227,34.23848100459481
1005-0025,0628329,8434278,-14.110617193114654,34.18881294649445
1005-0026,0646762,8429716,-14.151720289745084,34.35978432124271
1005-0027,0642313,8435223,-14.102103178992675,34.31828572711967
1005-0028,0642801,8425368,-14.190894743307197,34.323318701945354
1005-0029,0636613,8416513,-14.270675994098893,34.26642965638014
1005-0030,0637211,8406203,-14.36356612830747,34.27249518934105
1005-0031,0626691,8410082,-14.328617328911177,34.1747658084263
1005-0032,0617983,8416373,-14.271937060191778,34.093756083084145
1005-0033,0643978,8409191,-14.336645306548055,34.33508109918524
1005-0034,0643978,8409191,-14.336645306548055,34.33508109918524
1006-0000,0583603,8453262,-13.939573634537895,33.77394110739775
1006-0001,0583655,8453357,-13.938717694231793,33.77441960473627
1006-0002,0586073,8453313,-13.939114140911611,33.79680360686629
1006-0003,0588613,8454435,-13.92900504253397,33.820279787399734
1006-0004,0591814,8466768,-13.817885558362889,33.84950440315796
1006-0005,0595211,8454837,-13.925383098542168,33.88133799828173
1006-0006,0588219,8451580,-13.954728302203257,33.816723275746284
1006-0007,0589084,8451610,-13.954458009936454,33.82472981883815
1006-0008,0576474,8449487,-13.973585948270037,33.708053077380306
1006-0009,0576078,8451072,-13.959305276377219,33.70434342952187
1006-0010,0584231,8458927,-13.888532481458935,33.779583374727835
1006-0011,0584617,8460418,-13.875098679493645,33.78311059869374
1006-0012,0583522,8464335,-13.83980673688452,33.772860598153464
1006-0013,0600329,8468185,-13.805118496295126,33.92823147486126
1006-0014,0586935,8477784,-13.718631542991448,33.804025780349214
1006-0015,0577120,8481592,-13.68432135774173,33.71315275675202
1006-0016,0560249,8483009,-13.671554106559132,33.55711727715083
1006-0017,0569124,8477357,-13.722478753319319,33.63931783523282
1006-0018,0564919,8471772,-13.772799563707238,33.60055616628117
1006-0019,0558081,8475132,-13.742525986652195,33.53723185434006
1006-0020,0554406,8465182,-13.832175234148885,33.50343219279765
1006-0021,0548389,8472501,-13.766231262811518,33.447630931423724
1006-0022,0572403,8460429,-13.874999525977715,33.67007853606509
1006-0023,0580635,8466132,-13.823615838814828,33.74609615361377
1006-0024,0587343,8466111,-13.823805077427604,33.80816010000189
1006-0025,0583164,8453633,-13.936230959374193,33.7698663223973
1006-0026,0585522,8450252,-13.96669342243708,33.79179726003326
1006-0027,0616661,8437449,-14.082046883693668,34.08060294788922
1006-0028,0608449,8440304,-14.056323713818971,34.004433489203926
1006-0029,0618313,8455764,-13.917031125046131,34.09512156446915
1006-0030,0621354,8459324,-13.88495585087555,34.123111096694124
1006-0031,0619084,8447446,-13.991975424148583,34.10261308411417
1006-0032,0605226,8451126,-13.958818909210681,33.974174828187834
1006-0033,0597960,8442989,-14.032132184169514,33.90720032553077
1006-0034,0590752,8436109,-14.094119828778018,33.84067920527493
1006-0035,0594163,8423319,-14.209355118676093,33.87271398126158
1006-0036,0597839,8421013,-14.230131650405246,33.906863403727634
1006-0037,0583600,8432485,-14.12677136245485,33.774541524205155
1006-0038,0580661,8432807,-14.123870192053143,33.74730434161403
1006-0039,0581487,8426987,-14.176307203022944,33.75512965522745
1006-0040,0583468,8424961,-14.1945610204336,33.773548046530856
1006-0041,0576594,8413270,-14.299893935848626,33.710175509052334
1006-0042,0572002,8407616,-14.350834802302934,33.66775147518897
1006-0043,0570986,8423005,-14.212184083041468,33.657926648161464
1006-0044,0568932,8433832,-14.11463509872488,33.63861751494487
1006-0045,0554715,8487217,-13.6336398467232,33.50586554602408
1006-0046,0540849,8433787,-14.115040502754642,33.3784498692837
1006-0047,0548313,8444260,-14.020680492734328,33.447415991245045
1006-0048,0548354,8449022,-13.977775489582834,33.44771261215835
1006-0049,0537871,8454286,-13.930347406980983,33.35057969006412
1006-0050,0541534,8450226,-13.966927584783303,33.38454891034925
1006-0051,0559407,8452101,-13.950034057453065,33.54998417514841
1006-0052,0569648,8455024,-13.92369813625477,33.64471732805713
1006-0053,0532017,8465222,-13.83181482172035,33.29626342405428
1006-0054,0540381,8468609,-13.801298087567659,33.37360848441122
1006-0055,0539662,8477470,-13.721460585095157,33.3668319192505
1006-0056,0544764,8494549,-13.567578032945889,33.41375112576027
1006-0057,0549459,8482447,-13.676617730503752,33.45735534985181
1006-0058,0542931,8462760,-13.853997317592528,33.397290275239044
1006-0059,0585614,8446759,-13.99816492982406,33.79275669781227
1006-0060,0579985,8455925,-13.915580239848948,33.74037369629803
1006-0061,0585030,8454466,-13.928725717927412,33.787113712357666
1006-0062,0584736,8454998,-13.92393244621667,33.784376199965614
1006-0063,0581773,8452867,-13.943132537001542,33.75701283971155
1006-0064,0581773,8452867,-13.943132537001542,33.75701283971155
1007-0000,0492175,8493842,-13.573948152614587,32.927671391211014
1007-0001,0527971,8479631,-13.701989945522552,33.25868205601984
1007-0002,0527758,8484744,-13.655921671969038,33.25666228517242
1007-0003,0514860,8484871,-13.654777395949072,33.13740157184444
1007-0004,0511978,8516574,-13.369129916360817,33.11062170811094
1007-0005,0502718,8502352,-13.497272222754935,33.02511518010218
1007-0006,0485200,8499517,-13.522815884232758,32.863228893025855
1007-0007,0487714,8474380,-13.74930148227996,32.88635322297556
1007-0008,0524396,8461006,-13.869800743992457,33.22578102136253
1007-0009,0487714,8474380,-13.74930148227996,32.88635322297556
1007-0010,0515659,8511057,-13.418838999354007,33.14464686507705
1007-0011,0506634,8463517,-13.847176783654453,33.06139080709541
1007-0012,0499130,8479278,-13.705170480072915,32.99195390843851
1007-0013,0495664,8506279,-13.461889463905855,32.959939882839436
1007-0014,0499217,8518411,-13.352578213315228,32.99276916437861
1007-0015,0508697,8494014,-13.572398418963278,33.08038821561376
1007-0016,0518695,8500985,-13.509589047475544,33.172756305756764
1007-0017,0518871,8475128,-13.742562005919428,33.174553555260424
1007-0018,0504674,8476637,-13.72896591514179,33.04323128362137
1007-0019,0508079,8464739,-13.836166626691128,33.074759262448815
1007-0020,0532965,8445923,-14.005697081662866,33.30526353046896
1007-0021,0529357,8455767,-13.91700373085212,33.271748957708986
1008-0000,0676200,8361562,-14.765764197945428,34.63694877513215
1008-0001,0677462,8363521,-14.748114671153845,34.64853680807415
1008-0002,0676614,8347030,-14.89668949670862,34.64178017826398
1008-0003,0688420,8356235,-14.813758230072484,34.750823998252805
1008-0004,0686745,8362510,-14.757223710570893,34.73481603486211
1008-0005,0705239,8366223,-14.723772566639568,34.906265200163276
1008-0006,0699146,8360521,-14.77514428029774,34.85012825745797
1008-0007,0691056,8380060,-14.599106741246903,34.77357696697288
1008-0008,0686231,8352033,-14.85161580845505,34.73079092692188
1008-0009,0690310,8340675,-14.953944902003952,34.769522585332936
1008-0010,0685424,8413732,-14.295733652389675,34.71898164401146
1008-0011,0699893,8340228,-14.957972671884248,34.85862827754759
1008-0012,0696449,8341272,-14.948566658795071,34.82653777403283
1008-0013,0699615,8332444,-15.028101530915757,34.85664866529255
1008-0014,0698394,8318284,-15.155673280161695,34.84639681129285
1008-0015,0691379,8331973,-15.032344430309786,34.780106582171385
1008-0016,0696531,8328964,-15.059453823046017,34.82824145118223
1008-0017,0670528,8353141,-14.84163263356604,34.58481963770405
1008-0018,0701503,8348134,-14.88674446221023,34.87297624387844
1008-0019,0676338,8337614,-14.981521901204813,34.63985855318945
1008-0020,0670896,8332257,-15.02978478344084,34.58962117997789
1008-0021,0679219,8329641,-15.053353569744926,34.667199254941465
1008-0022,0670851,8385728,-14.548039492481637,34.58570278904643
1008-0023,0674029,8385253,-14.552319176898823,34.61522127595863
1008-0024,0671095,8374657,-14.647784430062558,34.58868204128894
1008-0025,0675774,8372316,-14.668875949012419,34.63227201716286
1008-0026,0678759,8370520,-14.68505719179479,34.66010503944331
1008-0027,0653252,8404174,-14.381847156745648,34.42134402609761
1008-0028,0657259,8399113,-14.42744519758191,34.458794857725245
1008-0029,0868995,8384264,,,
1008-0030,0657860,8394803,-14.466276787669301,34.46462266172374
1008-0031,0667235,8380978,-14.59083487312601,34.552450146769765
1008-0032,0665398,8377178,-14.625071145002211,34.535639102318214
1008-0033,0676200,8361562,-14.765764197945428,34.63694877513215
1008-0034,0672991,8322109,-15.121211425980912,34.60978984088219
1008-0035,0667587,8367855,-14.709067093078017,34.55655067985634
1008-0036,0666016,8397610,-14.440986992319592,34.540100864008366
1008-0037,0680568,8394026,-14.47327813506625,34.67529949081045
1008-0038,0688347,8338952,-14.969467953422306,34.75140245877731
1009-0002,0543560,8901068,-9.904479053105643,33.397342746920245
1009-0003,0561668,8882352,-10.07314010930011,33.5628042244623
1009-0004,0562519,8864419,-10.234743991725818,33.57085689803904
1009-0005,0575542,8874555,-10.143403213152007,33.6895673029897
1009-0006,0576989,8879618,-10.097777745709381,33.70267599233035
1009-0007,0570396,8866233,-10.21839712575123,33.642745446528224
1009-0008,0572510,8848631,-10.377017255925672,33.66237719015699
1009-0009,0514332,8945268,-9.506162012338294,33.13057932658588
1009-0010,0505480,8938508,-9.567081488241008,33.04993736079131
1009-0011,0512344,8952048,-9.44506215840892,33.112446733401775
1009-0012,0503645,8959306,-9.379654517151574,33.033197629661075
1009-0013,0496363,8954797,-9.420288740487115,32.96687136810656
1009-0014,0522113,8941533,-9.539820941856677,33.20149175278549
1009-0015,0528392,8942760,-9.528763515779135,33.25869677204098
1009-0016,0537413,8949164,-9.471052145576122,33.340834626764206
1009-0017,0527276,8950836,-9.45598444429046,33.24847584982022
1009-0018,0544054,8938614,-9.56612624781812,33.40144453054947
1009-0019,0540939,8931722,-9.628235129508553,33.373127287464925
1009-0020,0563986,8925487,-9.684423190746129,33.58327337280899
1009-0021,0574025,8922324,-9.71292721541554,33.67483820447259
1009-0022,0565274,8930441,-9.639779165850824,33.59493547633713
1009-0023,0557046,8930252,-9.641482371537444,33.519946815814386
1009-0024,0549680,8919098,-9.741998897284729,33.45294562732809
1009-0025,0542613,8898632,-9.926431366592487,33.38873046781099
1009-0026,0529158,8927857,-9.663065420187463,33.265780830695775
1009-0027,0529158,8927857,-9.663065420187463,33.265780830695775
1010-0000,0599828,8899727,-9.916563766023772,33.9106056765364
1010-0001,0599828,8899727,-9.916563766023772,33.9106056765364
1010-0002,0567240,8906638,-9.854284261989195,33.61324541682259
1010-0003,0584749,8900901,-9.905984056856132,33.77304350576509
1010-0004,0589298,8899126,-9.921979704461036,33.81457416459214
1010-0005,0608177,8887408,-10.02757775015382,33.98708960113932
1010-0006,0613395,8875574,-10.134220627820532,34.03503752130589
1010-0007,0621318,8863113,-10.246513286358738,34.10773494789292
1010-0008,0621519,8857933,-10.293192826022361,34.109732707324135
1010-0009,0628609,8858229,-10.290525501052935,34.17446080700863
1010-0010,0632257,8851494,-10.351217827872112,34.208000813148935
1010-0011,0632630,8849121,-10.372602025992071,34.211489283816974
1010-0012,0636922,8846839,-10.393166215841482,34.25076925315622
1010-0013,0595345,8908718,-9.835540113175497,33.86950354825956
1010-0014,0593434,8902488,-9.891682633225656,33.85222165029807
1010-0015,0595856,8920467,-9.729661997045653,33.873886642483576
1010-0016,0580473,8919767,-9.735970124877058,33.73366750212451
1010-0017,0591796,8923990,-9.697913778581325,33.836796934792524
1010-0018,0589053,8933906,-9.608553590020898,33.811580068568716
1010-0019,0585037,8939948,-9.554104635533285,33.77485933140594
1010-0020,0576619,8936793,-9.582536671484016,33.6982164565279
1010-0021,0621640,8845163,-10.408269216994084,34.111242384753616
1010-0022,0627867,8840601,-10.449379446167558,34.168274393577796
1010-0023,0632702,8837563,-10.476756202940605,34.21254957211877
1010-0024,0628960,8831967,-10.52718398829763,34.17855352366348
1011-0000,0689015,8665659,-12.025803415446871,34.73621358373396
1011-0001,0676837,8669679,-11.989579537790458,34.624167150874584
1012-0000,0611554,8732682,-11.42186299391119,34.02257173588834
1012-0004,0612003,8734113,-11.408968192062177,34.0266407390422
1012-0005,0610787,8733696,-11.412725788566428,34.01550923177125
1012-0006,0608597,8736819,-11.384584255712165,33.995339207896855
1012-0007,0608414,8731993,-11.428071576147918,33.99381326793911
1012-0008,0596319,8743094,-11.328039716303591,33.88264203497123
1012-0009,0607386,8741009,-11.34682788201791,33.98411150721429
1012-0010,0608095,8749544,-11.26991824320166,33.99034417550526
1012-0011,0597846,8737385,-11.379483925313675,33.89679447852014
1012-0012,0597661,8730527,-11.441281685557668,33.89529261284236
1012-0013,0589905,8735054,-11.400488656188532,33.82407823577278
1012-0014,0581305,8740350,-11.352766044979214,33.74513059649241
1012-0015,0576209,8726223,-11.480065056692608,33.698741493540126
1012-0016,0569079,8733656,-11.413086038104268,33.63322228757834
1012-0017,0573339,8741217,-11.344953423220367,33.672110534537254
1012-0018,0567001,8752396,-11.244218385776023,33.61381460671411
1012-0019,0557286,8750122,-11.264709637638948,33.52485274553901
1012-0020,0554498,8758921,-11.185420766910537,33.49917363818367
1012-0021,0562835,8763747,-11.141932979510658,33.5754481254259
1012-0022,0589788,8762340,-11.154611745130211,33.8223065197078
1012-0023,0586094,8772832,-11.06006653402998,33.78822427528583
1012-0024,0578056,8768786,-11.09652574918388,33.71472588509779
1012-0025,0600022,8777138,-11.021264386382471,33.91560983725764
1012-0026,0604353,8784510,-10.954833716261605,33.95503883037432
1012-0027,0596654,8764271,-11.137211238210433,33.88512984001844
1012-0028,0611564,8734466,-11.405787288268344,34.022605850487274
1012-0029,0599734,8759601,-11.179293324359701,33.91346460104608
1012-0030,0602447,8725254,-11.488796847476658,33.939320471426996
1012-0031,0611710,8733027,-11.418754185332277,34.023990418634
1012-0032,0613198,8733290,-11.416384293421688,34.03762002136885
1012-0033,0610651,8733099,-11.41810538141116,34.01428184932403
1012-0034,0611688,8732654,-11.422115304221826,34.02380082951704
1013-0000,0560616,8700164,-11.714881879749107,33.55624303621342
1013-0001,0534089,8668950,-11.996146863956424,33.31314185918151
1013-0002,0561620,8716258,-11.569859639682772,33.56516303222867
1013-0003,0532117,8724396,-11.496528131482043,33.29449620327856
1013-0004,0548826,8708976,-11.635477490763911,33.44792716574734
1013-0005,0574676,8642620,-12.23339993426271,33.6865668065996
1013-0006,0566781,8635080,-12.30134046126119,33.614141030967396
1013-0007,0547845,8680028,-11.896324984959554,33.43934143965115
1013-0008,0546743,8646164,-12.20146595556102,33.429707474362274
1013-0009,0540500,8744449,-11.315829574103672,33.37112826279738
1013-0010,0536306,8650863,-12.159124574800547,33.33370875163734
1013-0011,0569666,8619374,-12.442861517857617,33.64101630993666
1013-0012,0577019,8695685,-11.755241787423525,33.70686085585664
1013-0013,0559858,8728984,-11.455185589292512,33.54878063442979
1013-0014,0586016,8624632,-12.395483754343381,33.79130494145076
1013-0015,0580448,8633580,-12.314856493835457,33.73985857091403
1013-0016,0552893,8647497,-12.18945467883309,33.48622107134039
1013-0017,0566230,8607700,-12.548051035030296,33.6096483906397
1013-0018,0585005,8605617,-12.566820072694167,33.782519275294696
1013-0019,0572771,8651098,-12.157007095543065,33.6688616825768
1013-0020,0616691,8616021,-12.473074320631047,34.07378814917187
1013-0021,0959505,8634462,,,
1013-0022,0545779,8733312,-11.416185810039996,33.419649150671745
1013-0023,0564084,8644390,-12.217450970758938,33.589153174746514
1013-0024,0587202,8690648,-11.800629694349519,33.80044318829281
1013-0025,0578285,8660809,-12.069503719457268,33.719305654355885
1013-0026,0582321,8682590,-11.873239255622309,33.75584180987464
1013-0027,0574717,8704951,-11.671746587927805,33.685528947213804
1013-0028,0539106,8691487,-11.793069474780136,33.35896111060077
1013-0029,0549133,8736691,-11.385737471191254,33.450346170052164
1013-0030,0563632,8684655,-11.854631789268167,33.58421368587112
1013-0031,0551861,8658279,-12.092300903505388,33.47656184934079
1013-0032,0563632,8684655,-11.854631789268167,33.58421368587112
1013-0033,,,
1013-0034,,,
1014-0000,0641508,8717474,-11.558902873219928,34.29773097894095
1014-0001,0641508,8717474,-11.558902873219928,34.29773097894095
1014-0002,0610847,8689656,-11.809568634848066,34.0174965871325
1014-0003,0620727,8680621,-11.890981879859037,34.10850483863548
1014-0004,0610424,8652568,-12.143761511069938,34.01486080132027
1014-0005,0614193,8673158,-11.95822964804749,34.04877563827521
1014-0006,0613765,8661634,-12.062070041287953,34.04524550435213
1014-0007,0627246,8692680,-11.782319887917469,34.16789206836878
1014-0008,0619016,8687194,-11.831753488569127,34.09256094066157
1014-0009,0634517,8702749,-11.691589122515566,34.234212996917144
1014-0010,0643368,8707563,-11.64821060518863,34.31520343972028
1014-0011,0637386,8710302,-11.623529500551772,34.260225279393076
1014-0012,0603599,8706521,-11.657599539119945,33.95045144268825
1014-0013,0617314,8703115,-11.688290908765481,34.07638111331658
1014-0014,0617839,8709510,-11.630665928176475,34.080974630739135
1014-0015,0620884,8712857,-11.60050626932463,34.10878460212281
1014-0016,0622255,8720551,-11.531175781167597,34.12108235919662
1014-0017,0623485,8745444,-11.306863884155296,34.13147089612445
1014-0018,0627520,8740150,-11.354568589164957,34.168631251044076
1014-0019,0630486,8723589,-11.503800454627257,34.19643407437104
1014-0020,0632060,8712439,-11.604272992556767,34.21129518519043
1014-0021,0625458,8726699,-11.475776135267976,34.15022504937888
1014-0022,0618212,8725812,-11.483768829476587,34.08383125397436
1014-0023,0631929,8757571,-11.197586234117546,34.20837462400677
1014-0024,0622541,8759482,-11.180365836288974,34.12233294929479
1014-0025,0587188,8711222,-11.615238959183653,33.79978173402362
1014-0026,0581096,8651785,-12.150816747058041,33.74535790439668
1014-0027,0636689,8748357,-11.280614737435553,34.25232381065926
1014-0028,0633124,8776018,-11.03135724343842,34.21862816446144
1014-0029,0634335,8771467,-11.072367197733058,34.22988275856719
1015-0000,0603089,8790575,-10.900180527567915,33.94329921291254
1015-0001,0609032,8798568,-10.82815351431018,33.99743502855566
1015-0002,0614139,8796242,-10.84911378415032,34.04422172708297
1015-0003,0612260,8794031,-10.869037683539789,34.02710133713622
1015-0004,0613611,8808595,-10.737797261572736,34.039009439591524
1015-0005,0614179,8814082,-10.68835212318584,34.04403405718293
1015-0006,0621512,8827619,-10.566365428966467,34.11063652085511
1015-0007,0630529,8818757,-10.646224261676263,34.19335051252372
1015-0008,0628022,8828219,-10.560958669196612,34.170109985895216
1015-0009,0633618,8938877,-9.563756551002783,34.21750859180183
1015-0010,0617240,8783075,-10.967764930259417,34.07301368294266
1015-0011,0607980,8792891,-10.879310490339508,33.987980223322495
1015-0012,0557083,8804635,-10.773481824681253,33.52212618036263
1015-0013,0564767,8802775,-10.790242849979952,33.59244044435707
1015-0014,0563245,8790164,-10.903884013168195,33.57873728616536
1015-0015,0581196,8786293,-10.938766578019639,33.74308004112783
1015-0016,0595390,8781346,-10.983345181211082,33.87310001651229
1015-0017,0630656,8809826,-10.726704504660754,34.19482595290266
1015-0018,0627010,8813568,-10.69298407556645,34.16136034569189
1015-0019,0632518,8800754,-10.80845508328624,34.21217763737529
1015-0020,0593227,8781755,-10.979659581652255,33.85329314608554
1015-0021,0593277,8781755,-10.979659581886262,33.85375075349805
1016-0002,0729672,8329190,-15.057420345476242,35.136375025676706
1016-0003,0722671,8321829,-15.123737229360794,35.07192563962989
1016-0004,0721805,8820984,-10.626158940195136,35.02741349479085
1016-0005,0726327,8312837,-15.204748948752112,35.1067293383676
1016-0006,0703357,8315846,-15.177638211350558,34.89276353169119
1016-0007,0706640,8334705,-15.00773187069479,34.921781348857174
1016-0008,0720898,8350536,-14.865105296365615,35.052969736387325
1016-0009,0733582,8357935,-14.798445578026799,35.1701289246571
1016-0010,0709693,8342480,-14.937684214376999,34.94952995381749
1016-0011,0709693,8342480,-14.937684214376999,34.94952995381749
1016-0012,0734229,8355787,-14.817797967943665,35.176329801986164
1016-0013,0735494,8340433,-14.95612873996664,35.18947203746458
1016-0014,0739473,8356881,-14.807942176974201,35.2249277916776
1016-0015,0735023,8348301,-14.88524271044149,35.1843802160611
1016-0016,0724974,8333434,-15.019184257615084,35.09232350500011
1016-0017,0723263,8338566,-14.972948055053509,35.07597259998254
1017-0000,0739315,8333575,-15.017915398763964,35.22561600327829
1017-0001,0739315,8333575,-15.017915398763964,35.22561600327829
1017-0002,0767172,8353241,-14.840740209127658,35.48248707423105
1017-0003,0772185,8354702,-14.827578188813781,35.528881635239884
1017-0004,0760131,8317845,-15.159634573359646,35.42068688774987
1017-0005,0770666,8323653,-15.107310217633675,35.51803802872884
1017-0006,0767419,8315325,-15.182339038875318,35.48872663067737
1017-0007,0736642,8315719,-15.178785320157736,35.20242609750545
1017-0008,0801699,8372203,-14.669908529244044,35.80086057946896
1017-0009,0802309,8383511,-14.568028474000613,35.80522761396323
1017-0010,0787278,8366000,-14.725791693707325,35.667764676394405
1017-0011,0788997,8355927,-14.81654457734723,35.68482786466667
1017-0012,0768365,8331311,-15.038316438008362,35.49584271507954
1017-0013,0766355,8338070,-14.977421865917881,35.47646145518017
1017-0014,0776197,8368799,-14.700572091117012,35.564643490299545
1017-0015,0780556,8365166,-14.733304400028512,35.60547756450207
1017-0016,0764319,8343667,-14.926996010248894,35.45697082419983
1017-0017,0777034,8374372,-14.650362094295748,35.571824109142995
1017-0018,0784034,8383941,-14.56415073109548,35.63573374409186
1017-0019,0793969,8380545,-14.594749169774616,35.72822973785759
1017-0020,0791448,8373647,-14.656896633285346,35.705611644950025
1017-0021,0776784,8356143,-14.81459632035963,35.57142763650268
1017-0022,0785193,8349215,-14.877015261249827,35.65025095225966
1017-0023,0768290,8340740,-14.953367115469709,35.4941623388672
1017-0024,0788186,8343826,-14.925567582446,35.67864210262486
1017-0025,0800143,8344291,-14.921380663883971,35.78963425806369
1017-0026,0809384,8342376,-14.93863578630995,35.87567625437201
1017-0027,0781157,8346477,-14.901682326186762,35.61306995874216
1017-0028,0780053,8342740,-14.935350287601787,35.60322139068338
1017-0029,0776722,8340597,-14.95465683800872,35.572510271264605
1017-0030,0766624,8352435,-14.848001738681965,35.47748121123052
1017-0031,0762270,8363320,-14.749933024448241,35.435956468278626
1017-0032,0752213,8367558,-14.711749385093672,35.34219677788498
1017-0033,0757184,8334669,-15.008061388073955,35.39158720743173
1017-0034,0746636,8320750,-15.133460799958382,35.29489961983133
1018-0000,0744046,8398060,-14.43693806880867,35.263592360355936
1018-0001,0700909,8488857,-13.61886631141542,34.8570618744579
1018-0002,0707301,8486304,-13.641869375840805,34.91630724867554
1018-0003,0721291,8483125,-13.670513306666729,35.04582214567659
1018-0004,0731400,8455792,-13.916783832658682,35.14147637831603
1018-0005,0736012,8444595,-14.017668016229209,35.18508582013969
1018-0006,0736685,8437766,-14.079196349939616,35.19189809655822
1018-0007,0744520,8424317,-14.200370043195578,35.265614963380735
1018-0008,0747388,8412887,-14.3033517981122,35.293212564629975
1018-0009,0754625,8387055,-14.536090321977518,35.36270564217701
1018-0010,0752969,8381521,-14.585949189418345,35.347875308217624
1018-0011,0762474,8365143,-14.73350873754719,35.437667491533105
1018-0012,0778841,8394444,-14.46952181606422,35.58648202851933
1018-0013,0777494,8386422,-14.541796781875352,35.57483028127806
1018-0014,0768944,8372067,-14.671127786849137,35.497007807228144
1018-0015,0771977,8385299,-14.551913666978566,35.52378927934236
1018-0016,0788048,8397681,-14.440359213546804,35.67147168594959
1018-0017,0778756,8398088,-14.43669063857396,35.585315213330276
1018-0018,0780500,8409672,-14.332322745846986,35.600272294724014
1018-0019,0773360,8408464,-14.343205303730615,35.53425231188679
1018-0020,0744046,8398060,-14.43693806880867,35.263592360355936
1018-0021,0769796,8410888,-14.321365215360403,35.50099216558307
1018-0022,0763340,8411037,-14.32002182563506,35.44117006963034
1018-0023,0758495,8417280,-14.26377342103105,35.39569023056831
1018-0024,0734752,8380949,-14.591100586443051,35.17893945812676
1018-0025,0744504,8459217,-13.88592616225744,35.262381851460944
1018-0026,0752383,8447876,-13.988108414635981,35.336269611190815
1018-0027,0763785,8431293,-14.13752015026018,35.443333105541655
1018-0028,0766383,8424819,-14.195849920985896,35.46801091042263
1018-0029,0775554,8415768,-14.277398644275557,35.55383536782922
1018-0030,0756976,8404575,-14.378241646155894,35.38282702038419
1018-0031,0727297,8367981,-14.70793562734527,35.11089388965121
1018-0032,0723625,8378801,-14.610452085746607,35.075890854247845
1018-0033,0724263,8383961,-14.563962730654065,35.08137416299357
1018-0034,0719513,8393447,-14.478497166614131,35.03652834031161
1018-0035,0704452,8386660,-14.539644303451261,34.89737699092764
1018-0036,0712469,8373903,-14.654579958421932,34.97276946304228
1018-0037,0715107,8364707,-14.737431698807718,34.99800492600207
1018-0038,0735512,8368868,-14.69994499487891,35.18706766959893
1018-0039,0736147,8391109,-14.499563211406581,35.19097912341429
1018-0040,0736231,8410236,-14.327235340575378,35.1900767874392
1018-0041,0701607,8400081,-14.418725869140353,34.86997238127944
1018-0042,0696879,8425634,-14.188500215164057,34.824277748308916
1018-0043,0699057,8436844,-14.087500449693879,34.84363859144263
1018-0044,0720005,8429776,-14.151183274217868,35.03813878532402
1018-0045,0706241,8442359,-14.03781162748093,34.9097380256186
1018-0046,0731085,8414640,-14.287556029693784,35.14201704353112
1018-0047,0741818,8401247,-14.408224028792894,35.2426514354884
1018-0048,0696608,8411378,-14.316943129161421,34.82279803707174
1019-0000,0768252,8226910,-15.978874332039364,35.50609749285385
1019-0001,0768252,8226910,-15.978874332039364,35.50609749285385
1019-0002,0765018,8218446,-16.05512435225317,35.47684390900398
1019-0003,0769943,8213797,-16.09700697717958,35.523368329178446
1019-0004,0779395,8220108,-16.0401542824302,35.61091772302104
1019-0005,0785015,8219597,-16.044758883590614,35.663456587849474
1019-0006,0790439,8220568,-16.036012472109654,35.7139848468009
1019-0007,0795452,8222473,-16.01885179912192,35.76055384398383
1019-0008,0789587,8224944,-15.996589729667711,35.70549949945939
1019-0009,0786581,8225491,-15.991661275656906,35.67737232748152
1019-0010,0784037,8226397,-15.983498762646255,35.65351608394671
1019-0011,0766576,8240484,-15.856587729866582,35.48894629357892
1019-0012,0774512,8245926,-15.807562584751308,35.56237275557311
1019-0013,0767037,8255725,-15.719282604728445,35.491571386099444
1019-0014,0765415,8265766,-15.628822981323907,35.475358931315206
1019-0015,0753557,8260801,-15.673550957055893,35.36534961585008
1019-0016,0751554,8251618,-15.756280102691475,35.34762219676636
1019-0017,0749158,8244846,-15.817288290589019,35.32596989892845
1019-0018,0752778,8238882,-15.871017886514348,35.36036677142065
1019-0019,0748570,8230278,-15.948529603921182,35.321985830646014
1019-0020,0750884,8219677,-16.044032404652985,35.344700750814674
1019-0021,0750235,8212618,-16.107625250403036,35.33938168535494
1019-0022,0757211,8216921,-16.06886152650676,35.40409188630663
1019-0023,0760284,8220166,-16.039628479792704,35.432441401096455
1019-0024,0763677,8227490,-15.973648459396042,35.463321242145746
1019-0025,0760272,8229723,-15.953531190652479,35.43128946603063
1019-0026,0779617,8224880,-15.997164287394206,35.612432177182114
1020-0000,0783750,8250712,-15.764447530767795,35.647978504250936
1020-0001,0783621,8251033,-15.761555631811243,35.64673816870979
1020-0002,0780475,8248680,-15.78275307777521,35.61767346275441
1020-0003,0796103,8236813,-15.889665073222728,35.764862376242654
1020-0004,0794673,8244847,-15.817287222939756,35.750541612946776
1020-0005,0801572,8244853,-15.817234744586052,35.814882314136874
1020-0006,0796102,5250929,-42.75762553853144,36.61507351084626
1020-0007,0796272,8254317,-15.731972845120444,35.76430053660034
1020-0008,0797663,8256474,-15.712540794277976,35.777004921884505
1020-0009,0802397,8278088,-15.517820576134012,35.81847442672205
1020-0010,0787826,8260272,-15.678322538761725,35.684858631514174
1020-0011,0792475,8265469,-15.631503666474666,35.72756985114418
1020-0012,0773308,8254754,-15.728031375681939,35.55015012100572
1020-0013,0779857,8256106,-15.715852428738026,35.6110565666089
1020-0014,0771484,8268578,-15.603490582262726,35.53161085690604
1020-0015,0781798,8271957,-15.573050861535014,35.62733189378905
1020-0016,0775932,8278967,-15.509896181513996,35.571897975931456
1021-0000,0748297,8296221,-15.354448447839395,35.31275781710533
1021-0001,0748277,8295996,-15.356475508885048,35.312593939790155
1021-0002,0748277,8295996,-15.356475508885048,35.312593939790155
1021-0003,0747397,8297096,-15.346565306282809,35.30429325764831
1021-0004,0731937,8311461,-15.217146230459331,35.15904900634456
1021-0005,0738013,8304206,-15.282508827570433,35.21626339616599
1021-0006,0750417,8298378,-15.335015925821818,35.33227734680191
1021-0007,0727290,8304693,-15.27812022210703,35.1164219619818
1021-0008,0724871,8297475,-15.343148352896149,35.09455424579233
1021-0009,0734041,8296584,-15.351176450601079,35.18000768946183
1021-0010,0737396,8297365,-15.344140651131543,35.211167741429385
1021-0011,0740407,8287623,-15.431908164110885,35.240135097803424
1021-0012,0750770,8256754,-15.710009950616351,35.339781463964115
1021-0013,0742488,8278290,-15.515990402918147,35.2604267484523
1021-0014,0742263,8273765,-15.556756429795916,35.25877402387469
1021-0015,0754449,8276793,-15.529478545524242,35.372011834509884
1021-0016,0760201,8266448,-15.6226780213816,35.42669065270017
1021-0017,0762943,8286780,-15.439505876878314,35.45008479320708
1021-0018,0773072,8292735,-15.385858065734373,35.543748782433845
1021-0019,0770026,8288589,-15.423209480154329,35.51584256437965
1021-0020,0763076,8299328,-15.32645898253004,35.45000285311336
1021-0021,0366258,8505970,-13.464674170678487,31.764450575690343
1021-0022,0762344,8314561,-15.189221340772264,35.441606330475665
1021-0023,0752716,8317198,-15.165462547761344,35.351792118531634
1021-0024,0759697,8014052,-17.89635594062601,35.4509000849831
1021-0025,0757656,8309217,-15.237366088920641,35.398547239902456
1021-0026,0753493,8307386,-15.253861417177307,35.36000099103494
1021-0027,0749761,8297010,-15.347340397846896,35.32630752873774
1021-0028,0749441,8247125,-15.796756990120835,35.328375728814216
1021-0029,0751095,8297044,-15.347034260341694,35.33872177371397
1021-0030,0749030,8297305,-15.344682596278753,35.31947359322127
1021-0031,0747788,8298131,-15.33724085561868,35.30783068075781
1021-0032,0739984,8286847,-15.438899197947025,35.23627049483279
1021-0033,0756038,8300683,-15.31425050497459,35.38436171264453
1021-0034,0745947,8301413,-15.307672466228784,35.29037245558029
1021-0035,0773228,8280971,-15.491841483324105,35.54649171253784
1021-0036,0753268,8297108,-15.346457963267595,35.35894257724588
1021-0037,0779742,8303991,-15.284451847511143,35.6045814681252
1021-0038,0801026,8314271,-15.191841175903425,35.80136138558472
1021-0039,0803154,8306965,-15.257663227365521,35.82202277999125
1021-0040,0805483,8293337,-15.380441120512316,35.84534065252481
1022-0001,0715996,8251717,-15.75538429507856,35.01592912512437
1022-0002,0712280,8255371,-15.722465244403077,34.98094355775888
1022-0003,0710895,8254705,-15.728465103890708,34.968082212854995
1022-0004,0711316,8252992,-15.743897487696634,34.9721579537468
1022-0005,0718473,8254557,-15.729799073263019,35.03878208608107
1022-0006,0717134,8245799,-15.808699276014337,35.02707480746483
1022-0007,0704229,8233694,-15.917750847927476,34.907672862807
1022-0008,0708764,8239573,-15.86478802130217,34.94950660349361
1022-0009,0709448,8243969,-15.825184949388401,34.95551035292666
1022-0010,0722818,8249420,-15.776078460627682,35.07978090647199
1022-0011,0719771,8250242,-15.768672827060401,35.05127909324728
1022-0012,0701980,8254769,-15.727887857908051,34.884914807683714
1022-0013,0696455,8248578,-15.783661888481165,34.83387387368341
1022-0014,0700535,8266520,-15.62202306773472,34.870471631126186
1022-0015,0701649,8278445,-15.514590191314403,34.879882835241034
1022-0016,0706764,8267745,-15.610987457586798,34.92844564325738
1022-0017,0711186,8265219,-15.633744593843412,34.96988863914067
1022-0018,0709618,8251361,-15.758590953279809,34.95645815352095
1022-0019,0715480,8249780,-15.77283457820964,35.01128704665611
1022-0020,0719418,8250386,-15.767375507060736,35.0479728079639
1022-0021,0716247,8269464,-15.595501690095158,35.01670196511281
1022-0022,0722941,8270878,-15.58276350557577,35.07897251937556
1022-0023,0717726,8282072,-15.481915467247813,35.02937773004955
1022-0024,0722471,8286776,-15.439537027503635,35.073163132996875
1022-0025,0716015,8294025,-15.374229190551636,35.012400241751386
1022-0026,0708423,8288974,-15.419733783106265,34.94212444194118
1022-0027,0720142,8260221,-15.678772367438029,35.05383923379465
1022-0028,0714546,8252253,-15.750555372804865,35.00235471449129
1022-0029,0716515,8251910,-15.753645612596502,35.02075370057364
1022-0030,0714584,8254123,-15.733708625125708,35.00254439499209
1022-0031,0716356,8251121,-15.76075365988782,35.01934059218864
1022-0032,0719357,8250792,-15.763717869851018,35.047367076927905
1022-0033,0717253,8252992,-15.74389798879081,35.02754182717379
1022-0034,0718435,8251744,-15.755141267970489,35.03868000975622
1022-0035,0719061,8255691,-15.719582956748972,35.04416487008915
1022-0036,0716064,8260516,-15.676114353197374,35.01578411581657
1022-0037,0716559,8268621,-15.603096334681089,35.019684569137176
1022-0038,0714550,8252260,-15.75049231047243,35.0023914127919
1022-0039,0716436,8258062,-15.698222442237562,35.01947045983188
1022-0040,0715544,8250085,-15.7700868565517,35.011857097908596
1022-0041,0713567,8251001,-15.761834495643415,34.99333164634899
1022-0042,0722640,8248776,-15.781880199647537,35.0781792856574
1022-0043,0722245,8251692,-15.75561008325386,35.07422732205271
1022-0044,0716059,8253759,-15.73698801331631,35.016335589392604
1023-0000,0691744,8227955,-15.969451764348856,34.79155334758249
1023-0001,0691744,8227955,-15.969451764348856,34.79155334758249
1023-0002,,,
1023-0003,0705293,8169146,-16.499244199312432,34.923233957468156
1023-0004,0700414,8156281,-16.615138128682887,34.878665967135575
1023-0005,0711433,8172240,-16.471372286091746,34.98044726898842
1023-0006,0701952,8179593,-16.40513155501748,34.891035955520636
1023-0007,0699509,8202320,-16.200391973291943,34.866231044003
1023-0008,0673570,8219796,-16.042953667560855,34.62238975403219
1023-0009,0664376,8226558,-15.98203573872313,34.53600909282656
1023-0010,0658854,8230222,-15.949027177478877,34.4841785297481
1023-0011,0698140,8213664,-16.09819685536641,34.852479666634466
1023-0012,0658049,8252507,-15.748263892163578,34.47520076846737
1023-0013,0646106,8252261,-15.750479733144916,34.36376539745742
1023-0014,0640127,8252739,-15.746173303654706,34.30794006855233
1023-0015,0639022,8243761,-15.827055456829322,34.298142553609104
1023-0016,0680451,8205888,-16.168247739967825,34.68774610424109
1023-0017,0679540,8214111,-16.094168835540405,34.678604646565574
1023-0018,0702127,8201855,-16.204581206304393,34.8907504508119
1023-0019,0704231,8203675,-16.188185523877976,34.9102662854135
1023-0020,0700968,8209499,-16.135718486405338,34.879262558962715
1023-0021,0698146,8205877,-16.168347899661967,34.85318745082135
1023-0022,0700888,8199907,-16.22213005018009,34.87933124406235
1023-0023,0701291,8185818,-16.34905297433679,34.88431057219313
1023-0024,0692307,8208353,-16.146041913848467,34.7983956697892
1023-0025,0689554,8186448,-16.34337676050727,34.77442711567596
1023-0026,0679605,8189939,-16.31192708321385,34.681055189919164
1023-0027,0684002,8177531,-16.423706079059887,34.72317707222284
1023-0028,0688102,8242178,-15.841318449338592,34.756424070145734
1023-0029,0699648,8222908,-16.0149197837436,34.86579780610961
1023-0030,0704807,8218761,-16.052279628380763,34.91434796092512
1023-0031,0709386,8214138,-16.093927541015685,34.95753751860059
1023-0032,0714855,8208752,-16.142449114236875,35.00913267593762
1023-0033,0719840,8200525,-16.216564248631407,35.056492789338705
1023-0034,0693185,8232208,-15.931137253743392,34.8046698969828
1023-0035,0649153,8241034,-15.851622993132157,34.392891438568896
1023-0036,0694256,8176748,-16.430760414829766,34.81923716410687
1023-0037,0699075,8200535,-16.216472464500633,34.862323790634576
1023-0038,0696397,8198806,-16.232048299728916,34.83742512437467
1024-0000,0732936,8262161,-15.66129618058393,35.17295761036665
1024-0001,0732936,8262161,-15.66129618058393,35.17295761036665
1024-0002,0732183,8252143,-15.751548046697744,35.166889582415536
1024-0003,0734808,8257442,-15.703809817397671,35.190864620872595
1024-0004,0739289,8263702,-15.647414012548175,35.232039578701894
1024-0005,0748433,8264630,-15.639054776443547,35.31718974662906
1024-0006,0741113,8268511,-15.604089833217147,35.24857193836765
1024-0007,0731149,8270148,-15.589340922649093,35.15554416588034
1024-0008,0727534,8273743,-15.556953012740143,35.12151791826049
1024-0009,0734556,8280308,-15.497809154940445,35.18633437758352
1024-0010,0728204,8258802,-15.691556899659425,35.12915031777245
1024-0011,0735789,8268061,-15.608143285760475,35.19899109674739
1024-0012,0740858,8255722,-15.71930595268942,35.24745275008068
1024-0013,0743064,8247619,-15.792305758638486,35.26883497015252
1024-0014,0747199,8233249,-15.921764121019942,35.30888058447567
1025-0000,0661845,8275996,-15.536651375348375,34.509072194239785
1025-0001,0649900,8261176,-15.670164844408712,34.39862347252579
1025-0002,0661845,8275996,-15.536651375348375,34.509072194239785
1025-0003,0659929,8290010,-15.410397737591929,34.49030813648903
1025-0004,0663081,8258458,-15.69465170750084,34.52175860189039
1026-0000,0677358,8304726,-15.277819438391264,34.65163332959467
1026-0001,0673193,8312398,-15.208700455261116,34.61233168584802
1026-0002,0676726,8289034,-15.419191326156298,34.6468570270722
1026-0003,0674541,8280597,-15.495201107865295,34.627094326093896
1026-0004,0682071,8275109,-15.544643289848448,34.697672327965314
1026-0005,0695698,8283402,-15.46993171862196,34.82403345470313
1026-0006,0686824,8288154,-15.427119870110223,34.74099295872796
1026-0007,0677373,8297576,-15.342235163123746,34.65227798012895
1026-0008,0672498,8293012,-15.383352768008171,34.607193733077324
1026-0009,0690347,8292741,-15.385795140887753,34.77346213335831
1026-0010,0708959,8301913,-15.303164229531745,34.94603653318598
1026-0011,0697438,8302458,-15.298253413340554,34.83873934358645
1026-0012,0677373,8297576,-15.342235163123746,34.65227798012895
1027-0001,0740618,8128487,-16.865521335221548,35.25828638838123
1027-0002,0740618,8128487,-16.865521335221548,35.25828638838123
1027-0003,0736358,8119960,-16.94233453462665,35.21922425984405
1027-0004,0736047,8108806,-17.04281244042644,35.21748537528777
1027-0005,0735848,8114238,-16.99387972203142,35.2150419603428
1027-0006,0729408,8106763,-17.061215421605322,35.15536033345727
1027-0007,0724907,8109842,-17.03347864680542,35.11278172319747
1027-0008,0724478,8119627,-16.94533293156903,35.10776967847166
1027-0009,0731421,8128873,-16.862043001188507,35.171975517541085
1027-0010,0745480,8138684,-16.77366388091596,35.30278322579079
1027-0011,0741992,8148929,-16.681372363079998,35.26899119938653
1027-0012,0734351,8154586,-16.630410668437374,35.19680520407044
1027-0013,0729962,8160588,-16.576341325475052,35.15508186143155
1027-0014,0725202,8166493,-16.523145613714753,35.10991774844356
1027-0015,0714585,8170245,-16.489344600339503,35.01014354133078
1027-0016,0718177,8145881,-16.708827351021053,35.046095341688144
1027-0017,0709686,8153493,-16.64025443213714,34.96580029203514
1027-0018,0731901,8172399,-16.469941945110218,35.172055323073664
1027-0019,0741099,8179482,-16.406135364172535,35.257422563017485
1027-0020,0730485,8175768,-16.439591959866696,35.15846415157898
1027-0021,0731811,8183761,-16.367586478783892,35.170078265611515
1027-0022,0729786,8183719,-16.367964617019588,35.151135256014186
1027-0023,0723906,8192900,-16.2852557727488,35.09523689900925
1028-0000,0729648,8222641,-16.01732774228941,35.14605402233027
1028-0001,0796482,8222641,-16.01733855218685,35.77014869951624
1028-0002,0741902,8226871,-15.979221852647905,35.260076747379465
1028-0003,0740734,8222529,-16.018337990584126,35.24960740336928
1028-0004,0742895,8219350,-16.046977225443,35.27011379695908
1028-0005,0743669,8209909,-16.13202907971691,35.278311773804816
1028-0006,0740084,8217776,-16.061156706625937,35.24401526866324
1028-0007,0722331,8238181,-15.877329568050103,35.07626989403637
1028-0008,0727191,8236633,-15.891275791409669,35.121779434600434
1028-0009,0733721,8241031,-15.851655398715192,35.18230685698494
1028-0010,0736094,8239151,-15.868592384543234,35.20463616589815
1028-0011,0736388,8236552,-15.892006503421907,35.20763485241682
1028-0012,0733412,8232675,-15.926933542185074,35.18023256901934
1028-0013,0722025,8221730,-16.025533993134164,35.07493631016873
1028-0014,0723534,8225809,-15.988787200946227,35.08865032927725
1028-0015,0726356,8230515,-15.946391913627847,35.11456100601844
1028-0016,0720932,9230155,-6.938713532990408,34.99959668753691
1028-0017,0724333,8216934,-16.068740365532328,35.0969469491273
1028-0018,0721912,8219315,-16.047290219849938,35.07410553289767
1028-0019,0722847,8216233,-16.07505537035288,35.08312892936184
1028-0020,0724330,8214754,-16.088379484779725,35.09712463195366
1028-0021,0725039,8208670,-16.143188787275555,35.10432685180051
1028-0022,0725542,8211268,-16.119784129861447,35.1087806799413
1028-0023,0728229,8206103,-16.166314518901945,35.13438928128977
1028-0024,0734181,8210065,-16.130622574563855,35.18963100691525
1028-0025,0729469,8204462,-16.18109795488597,35.14613931189312
1028-0026,0735090,8192553,-16.2883829812521,35.19987338477301
1028-0027,0738275,8188852,-16.32172434538934,35.23003790952323
1028-0028,0741804,8194182,-16.27370869085529,35.262497218463054
1028-0029,0714610,8223997,-16.00511035574533,35.00546676453093
1028-0030,0716840,8236960,-15.888328906656104,35.02512461080778
1028-0031,0713539,8219046,-16.049712825676192,34.995906136998656
1028-0032,0711662,8227177,-15.976462061731523,34.97764908660278
1028-0033,0717335,8228333,-15.966048342269367,35.03052578735471
1028-0034,0717345,8231176,-15.940436209923524,35.03036152961615
1028-0035,0727514,8245045,-15.815492984821237,35.124002233783095
1028-0036,0731484,8202386,-16.19980025028275,35.16517892153614
1028-0037,0735762,8194579,-16.27013151937819,35.20595456272553
1028-0038,0728826,8217579,-16.062930162632547,35.13886221760334
1028-0039,0730402,8224549,-16.000139012850045,35.152912552338016
1028-0040,0733378,8214116,-16.09412802987191,35.18172816664
1028-0041,0735053,8203802,-16.187044323688074,35.19840271706788
1028-0042,0745347,8207100,-16.157334831607486,35.29428326094572
1028-0043,0745305,8201032,-16.211999690519583,35.29452142666404
1028-0044,0734704,8199555,-16.225304228160745,35.19556335234117
